,STT,Tên báo cáo,Đơn vị,Trích yếu,Thời gian gửi,Mã doanh nghiệp,Tên công ty,Tiêu đề,Saving_path
0,1,Báo cáo tài chính Hợp nhất - Quý,CTCP Nhựa An Phát Xanh,Công ty Cổ phần Nhựa An Phát Xanh: Báo cáo tài chính Hợp nhất Quý 3 năm 2024,28/10/2024 00:00:00,0800373586,CTCP Nhựa An Phát Xanh,Báo cáo tài chính Hợp nhất - Quý,./crawl_table/AAA/Công ty Cổ phần Nhựa An Phát Xanh_ Báo cáo tài chính Hợp nhất Quý 3 năm 2024_28_10_2024 00_00_00
1,2,Báo cáo tài chính Mẹ - Quý,CTCP Nhựa An Phát Xanh,Công ty Cổ phần Nhựa An Phát Xanh: Báo cáo tài chính Công ty mẹ Quý 3 năm 2024,28/10/2024 00:00:00,0800373586,CTCP Nhựa An Phát Xanh,Báo cáo tài chính Mẹ - Quý,./crawl_table/AAA/Công ty Cổ phần Nhựa An Phát Xanh_ Báo cáo tài chính Công ty mẹ Quý 3 năm 2024_28_10_2024 00_00_00
2,3,Báo cáo tài chính Hợp nhất - Bán niên,CTCP Nhựa An Phát Xanh,Công ty Cổ phần Nhựa An Phát Xanh: Báo cáo tài chính Hợp nhất Bán niên năm 2024 được soát xét,29/08/2024 00:00:00,0800373586,CTCP Nhựa An Phát Xanh,Báo cáo tài chính Hợp nhất - Bán niên,./crawl_table/AAA/Công ty Cổ phần Nhựa An Phát Xanh_ Báo cáo tài chính Hợp nhất Bán niên năm 2024 được soát xét_29_08_2024 00_00_00
3,4,Báo cáo tài chính Mẹ - Bán niên,CTCP Nhựa An Phát Xanh,Công ty Cổ phần Nhựa An Phát Xanh: Báo cáo tài chính Riêng Bán niên 2024 được soát xét,29/08/2024 00:00:00,0800373586,CTCP Nhựa An Phát Xanh,Báo cáo tài chính Mẹ - Bán niên,./crawl_table/AAA/Công ty Cổ phần Nhựa An Phát Xanh_ Báo cáo tài chính Riêng Bán niên 2024 được soát xét_29_08_2024 00_00_00
4,5,Báo cáo tài chính Mẹ - Quý,CTCP Nhựa An Phát Xanh,Công ty Cổ phần Nhựa An Phát Xanh: Báo cáo tài chính Riêng Quý II năm 2024,29/07/2024 16:25:25,0800373586,CTCP Nhựa An Phát Xanh,Báo cáo tài chính Mẹ - Quý,./crawl_table/AAA/Công ty Cổ phần Nhựa An Phát Xanh_ Báo cáo tài chính Riêng Quý II năm 2024_29_07_2024 16_25_25
5,6,Báo cáo tài chính Hợp nhất - Quý,CTCP Nhựa An Phát Xanh,Công ty Cổ phần Nhựa An Phát Xanh: Báo cáo tài chính Hợp nhất Quý II năm 2024,29/07/2024 16:17:27,0800373586,CTCP Nhựa An Phát Xanh,Báo cáo tài chính Hợp nhất - Quý,./crawl_table/AAA/Công ty Cổ phần Nhựa An Phát Xanh_ Báo cáo tài chính Hợp nhất Quý II năm 2024_29_07_2024 16_17_27
6,7,Báo cáo tài chính Hợp nhất - Quý,CTCP Nhựa An Phát Xanh,Công ty Cổ phần Nhựa An Phát Xanh: Báo cáo tài chính Hợp nhất Quý I năm 2024,26/04/2024 15:06:00,0800373586,CTCP Nhựa An Phát Xanh,Báo cáo tài chính Hợp nhất - Quý,./crawl_table/AAA/Công ty Cổ phần Nhựa An Phát Xanh_ Báo cáo tài chính Hợp nhất Quý I năm 2024_26_04_2024 15_06_00
7,8,Báo cáo tài chính Mẹ - Quý,CTCP Nhựa An Phát Xanh,Công ty Cổ phần Nhựa An Phát Xanh: Báo cáo tài chính Riêng Quý I năm 2024,26/04/2024 14:56:18,0800373586,CTCP Nhựa An Phát Xanh,Báo cáo tài chính Mẹ - Quý,./crawl_table/AAA/Công ty Cổ phần Nhựa An Phát Xanh_ Báo cáo tài chính Riêng Quý I năm 2024_26_04_2024 14_56_18
8,9,Báo cáo tài chính Mẹ - Năm 2023,CTCP Nhựa An Phát Xanh,Công ty Cổ phần Nhựa An Phát Xanh: Báo cáo tài chính Riêng năm 2023 kiểm toán,29/03/2024 22:47:13,0800373586,CTCP Nhựa An Phát Xanh,Báo cáo tài chính Mẹ - Năm 2023,./crawl_table/AAA/Công ty Cổ phần Nhựa An Phát Xanh_ Báo cáo tài chính Riêng năm 2023 kiểm toán_29_03_2024 22_47_13
9,10,Báo cáo tài chính hợp nhất năm 2023,CTCP Nhựa An Phát Xanh,Công ty Cổ phần Nhựa An Phát Xanh: Báo cáo tài chính Hợp nhất năm 2023 kiểm toán,28/03/2024 16:12:32,0800373586,CTCP Nhựa An Phát Xanh,Báo cáo tài chính hợp nhất năm 2023,./crawl_table/AAA/Công ty Cổ phần Nhựa An Phát Xanh_ Báo cáo tài chính Hợp nhất năm 2023 kiểm toán_28_03_2024 16_12_32
10,11,Báo cáo tài chính Hợp nhất - Quý,CTCP Nhựa An Phát Xanh,Công ty Cổ phần Nhựa An Phát Xanh: Báo cáo tài chính Hợp nhất Quý 4 năm 2023,29/01/2024 16:50:54,0800373586,CTCP Nhựa An Phát Xanh,Báo cáo tài chính Hợp nhất - Quý,./crawl_table/AAA/Công ty Cổ phần Nhựa An Phát Xanh_ Báo cáo tài chính Hợp nhất Quý 4 năm 2023_29_01_2024 16_50_54
11,12,Báo cáo tài chính Mẹ - Quý,CTCP Nhựa An Phát Xanh,Công ty Cổ phần Nhựa An Phát Xanh: Báo cáo tài chính Riêng Quý 4 năm 2023,29/01/2024 16:35:20,0800373586,CTCP Nhựa An Phát Xanh,Báo cáo tài chính Mẹ - Quý,./crawl_table/AAA/Công ty Cổ phần Nhựa An Phát Xanh_ Báo cáo tài chính Riêng Quý 4 năm 2023_29_01_2024 16_35_20
12,13,Báo cáo tài chính hợp nhất quý 3/ năm 2023,CTCP Nhựa An Phát Xanh,Công ty Cổ phần Nhựa An Phát Xanh: Báo cáo tài chính Hợp nhất Quý 3 năm 2023,30/10/2023 14:00:15,0800373586,CTCP Nhựa An Phát Xanh,Báo cáo tài chính hợp nhất quý 3/ năm 2023,./crawl_table/AAA/Công ty Cổ phần Nhựa An Phát Xanh_ Báo cáo tài chính Hợp nhất Quý 3 năm 2023_30_10_2023 14_00_15
13,14,Báo cáo tài chính Mẹ - Quý,CTCP Nhựa An Phát Xanh,Công ty Cổ phần Nhựa An Phát Xanh: Báo cáo tài chính Riêng Quý 3 năm 2021,30/10/2023 13:51:43,0800373586,CTCP Nhựa An Phát Xanh,Báo cáo tài chính Mẹ - Quý,./crawl_table/AAA/Công ty Cổ phần Nhựa An Phát Xanh_ Báo cáo tài chính Riêng Quý 3 năm 2021_30_10_2023 13_51_43
14,15,Báo cáo tài chính Mẹ - Bán niên năm 2023,CTCP Nhựa An Phát Xanh,Công ty Cổ phần Nhựa An Phát Xanh: Báo cáo tài chính Riêng Bán niên soát xét năm 2023,29/08/2023 15:53:43,0800373586,CTCP Nhựa An Phát Xanh,Báo cáo tài chính Mẹ - Bán niên năm 2023,./crawl_table/AAA/Công ty Cổ phần Nhựa An Phát Xanh_ Báo cáo tài chính Riêng Bán niên soát xét năm 2023_29_08_2023 15_53_43
15,16,Báo cáo tài chính hợp nhất bán niên năm 2023,CTCP Nhựa An Phát Xanh,Công ty Cổ phần Nhựa An Phát Xanh: Báo cáo tài chính Hợp nhất Bán niên soát xét năm 2023,29/08/2023 13:32:54,0800373586,CTCP Nhựa An Phát Xanh,Báo cáo tài chính hợp nhất bán niên năm 2023,./crawl_table/AAA/Công ty Cổ phần Nhựa An Phát Xanh_ Báo cáo tài chính Hợp nhất Bán niên soát xét năm 2023_29_08_2023 13_32_54
16,17,Báo cáo tài chính hợp nhất quý 2/ năm 2023,CTCP Nhựa An Phát Xanh,Công ty Cổ phần Nhựa An Phát Xanh: Báo cáo tài chính Hợp nhất Quý II năm 2023,28/07/2023 14:23:41,0800373586,CTCP Nhựa An Phát Xanh,Báo cáo tài chính hợp nhất quý 2/ năm 2023,./crawl_table/AAA/Công ty Cổ phần Nhựa An Phát Xanh_ Báo cáo tài chính Hợp nhất Quý II năm 2023_28_07_2023 14_23_41
17,18,Báo cáo tài chính Mẹ - Quý 2/ 2023,CTCP Nhựa An Phát Xanh,Công ty Cổ phần Nhựa An Phát Xanh: Báo cáo tài chính Công ty mẹ Quý II năm 2023,28/07/2023 14:00:03,0800373586,CTCP Nhựa An Phát Xanh,Báo cáo tài chính Mẹ - Quý 2/ 2023,./crawl_table/AAA/Công ty Cổ phần Nhựa An Phát Xanh_ Báo cáo tài chính Công ty mẹ Quý II năm 2023_28_07_2023 14_00_03
18,19,Báo cáo tài chính Hợp nhất - Quý,CTCP Nhựa An Phát Xanh,Báo cáo tài chính hợp nhất quý I năm 2023,27/04/2023 11:01:03,0800373586,CTCP Nhựa An Phát Xanh,Báo cáo tài chính Hợp nhất - Quý,./crawl_table/AAA/Báo cáo tài chính hợp nhất quý I năm 2023_27_04_2023 11_01_03
19,20,Báo cáo tài chính Mẹ - Quý,CTCP Nhựa An Phát Xanh,Báo cáo tài chính riêng quý I năm 2023,27/04/2023 10:45:10,0800373586,CTCP Nhựa An Phát Xanh,Báo cáo tài chính Mẹ - Quý,./crawl_table/AAA/Báo cáo tài chính riêng quý I năm 2023_27_04_2023 10_45_10
20,21,Báo cáo tài chính Mẹ - Năm 2022,CTCP Nhựa An Phát Xanh,Công ty Cổ phần Nhựa An Phát Xanh: Báo cáo tài chính Riêng Kiểm toán năm 2022,30/03/2023 16:17:29,0800373586,CTCP Nhựa An Phát Xanh,Báo cáo tài chính Mẹ - Năm 2022,./crawl_table/AAA/Công ty Cổ phần Nhựa An Phát Xanh_ Báo cáo tài chính Riêng Kiểm toán năm 2022_30_03_2023 16_17_29
21,22,Báo cáo tài chính hợp nhất năm 2022,CTCP Nhựa An Phát Xanh,Công ty Cổ phần Nhựa An Phát Xanh: Báo cáo tài chính Hợp nhất Kiểm toán năm 2022,30/03/2023 15:52:21,0800373586,CTCP Nhựa An Phát Xanh,Báo cáo tài chính hợp nhất năm 2022,./crawl_table/AAA/Công ty Cổ phần Nhựa An Phát Xanh_ Báo cáo tài chính Hợp nhất Kiểm toán năm 2022_30_03_2023 15_52_21
22,23,Báo cáo tài chính hợp nhất quý 4/ năm 2022,CTCP Nhựa An Phát Xanh,Công ty Cổ phần Nhựa An Phát Xanh: Báo cáo tài chính Hợp nhất Quý IV năm 2022,30/01/2023 17:13:48,0800373586,CTCP Nhựa An Phát Xanh,Báo cáo tài chính hợp nhất quý 4/ năm 2022,./crawl_table/AAA/Công ty Cổ phần Nhựa An Phát Xanh_ Báo cáo tài chính Hợp nhất Quý IV năm 2022_30_01_2023 17_13_48
23,24,Báo cáo tài chính Mẹ - Quý 4/ 2022,CTCP Nhựa An Phát Xanh,Công ty Cổ phần Nhựa An Phát Xanh: Báo cáo tài chính Riêng Quý IV năm 2022,30/01/2023 16:03:23,0800373586,CTCP Nhựa An Phát Xanh,Báo cáo tài chính Mẹ - Quý 4/ 2022,./crawl_table/AAA/Công ty Cổ phần Nhựa An Phát Xanh_ Báo cáo tài chính Riêng Quý IV năm 2022_30_01_2023 16_03_23
24,25,Báo cáo tài chính Hợp nhất - Quý,CTCP Nhựa An Phát Xanh,Báo cáo tài chính hợp nhất quý 3 năm 2022,28/10/2022 08:46:16,0800373586,CTCP Nhựa An Phát Xanh,Báo cáo tài chính Hợp nhất - Quý,./crawl_table/AAA/Báo cáo tài chính hợp nhất quý 3 năm 2022_28_10_2022 08_46_16
25,26,Báo cáo tài chính Mẹ - Quý,CTCP Nhựa An Phát Xanh,Báo cáo tài chính riêng quý 3 năm 2022,28/10/2022 08:28:55,0800373586,CTCP Nhựa An Phát Xanh,Báo cáo tài chính Mẹ - Quý,./crawl_table/AAA/Báo cáo tài chính riêng quý 3 năm 2022_28_10_2022 08_28_55
26,27,Báo cáo tài chính Hợp nhất - Bán niên,CTCP Nhựa An Phát Xanh,Báo cáo tài chính hợp nhất bán niên soát xet năm 2022,29/08/2022 17:52:44,0800373586,CTCP Nhựa An Phát Xanh,Báo cáo tài chính Hợp nhất - Bán niên,./crawl_table/AAA/Báo cáo tài chính hợp nhất bán niên soát xet năm 2022_29_08_2022 17_52_44
27,28,Báo cáo tài chính Mẹ - Bán niên,CTCP Nhựa An Phát Xanh,Báo cáo tài chính 6 tháng đầu năm 2022,29/08/2022 14:49:59,0800373586,CTCP Nhựa An Phát Xanh,Báo cáo tài chính Mẹ - Bán niên,./crawl_table/AAA/Báo cáo tài chính 6 tháng đầu năm 2022_29_08_2022 14_49_59
28,29,Báo cáo tài chính Mẹ - Quý 2/ 2022,CTCP Nhựa An Phát Xanh,Công ty Cổ phần Nhựa An phát Xanh: Báo cáo tài chính Riêng Quý II năm 2022 (kèm theo Công văn giải trình chênh lệch lợi nhuận sau thuế),27/07/2022 09:06:49,0800373586,CTCP Nhựa An Phát Xanh,Báo cáo tài chính Mẹ - Quý 2/ 2022,./crawl_table/AAA/Báo cáo tài chính Mẹ - Quý 2_ 2022_27_07_2022 09_06_49
29,30,Báo cáo tài chính Hợp nhất - Quý,CTCP Nhựa An Phát Xanh,Công ty Cổ phần Nhựa An phát Xanh: Báo cáo tài chính Hợp nhất Quý II năm 2022,26/07/2022 15:19:30,0800373586,CTCP Nhựa An Phát Xanh,Báo cáo tài chính Hợp nhất - Quý,./crawl_table/AAA/Công ty Cổ phần Nhựa An phát Xanh_ Báo cáo tài chính Hợp nhất Quý II năm 2022_26_07_2022 15_19_30
30,31,Báo cáo tài chính Mẹ - Quý,CTCP Nhựa An Phát Xanh,Báo cáo tài chính riêng quý 1 năm 2022,26/04/2022 14:43:03,0800373586,CTCP Nhựa An Phát Xanh,Báo cáo tài chính Mẹ - Quý,./crawl_table/AAA/Báo cáo tài chính riêng quý 1 năm 2022_26_04_2022 14_43_03
31,32,Báo cáo tài chính Hợp nhất - Quý,CTCP Nhựa An Phát Xanh,Báo cáo tài chính hợp nhất quý 1/2022,26/04/2022 14:34:15,0800373586,CTCP Nhựa An Phát Xanh,Báo cáo tài chính Hợp nhất - Quý,./crawl_table/AAA/Báo cáo tài chính hợp nhất quý 1_2022_26_04_2022 14_34_15
32,33,Báo cáo tài chính hợp nhất năm 2021,CTCP Nhựa An Phát Xanh,Báo cáo tài chính hợp nhất năm 2021 kiểm toán,30/03/2022 23:13:04,0800373586,CTCP Nhựa An Phát Xanh,Báo cáo tài chính hợp nhất năm 2021,./crawl_table/AAA/Báo cáo tài chính hợp nhất năm 2021 kiểm toán_30_03_2022 23_13_04
33,34,Báo cáo tài chính Mẹ - Năm 2021,CTCP Nhựa An Phát Xanh,Báo cáo tài chính riêng năm 2021 kiểm toán,30/03/2022 15:52:36,0800373586,CTCP Nhựa An Phát Xanh,Báo cáo tài chính Mẹ - Năm 2021,./crawl_table/AAA/Báo cáo tài chính riêng năm 2021 kiểm toán_30_03_2022 15_52_36
34,35,Báo cáo tài chính Mẹ - Quý,CTCP Nhựa An Phát Xanh,Báo cáo tài chính quý IV năm 2021,27/01/2022 21:14:44,0800373586,CTCP Nhựa An Phát Xanh,Báo cáo tài chính Mẹ - Quý,./crawl_table/AAA/Báo cáo tài chính quý IV năm 2021_27_01_2022 21_14_44
35,36,Báo cáo tài chính Hợp nhất - Quý,CTCP Nhựa An Phát Xanh,Báo cáo tài chính hợp nhất quý IV năm 2021,27/01/2022 16:03:56,0800373586,CTCP Nhựa An Phát Xanh,Báo cáo tài chính Hợp nhất - Quý,./crawl_table/AAA/Báo cáo tài chính hợp nhất quý IV năm 2021_27_01_2022 16_03_56
36,37,Báo cáo tài chính Hợp nhất - Quý,CTCP Nhựa An Phát Xanh,Báo cáo tài chính hợp nhất quý 3 năm 2021,29/10/2021 15:56:10,0800373586,CTCP Nhựa An Phát Xanh,Báo cáo tài chính Hợp nhất - Quý,./crawl_table/AAA/Báo cáo tài chính hợp nhất quý 3 năm 2021_29_10_2021 15_56_10
37,38,Báo cáo tài chính Mẹ - Quý,CTCP Nhựa An Phát Xanh,Báo cáo tài chính riêng quý 3 năm 2021,29/10/2021 15:45:40,0800373586,CTCP Nhựa An Phát Xanh,Báo cáo tài chính Mẹ - Quý,./crawl_table/AAA/Báo cáo tài chính riêng quý 3 năm 2021_29_10_2021 15_45_40
38,39,Báo cáo tài chính hợp nhất bán niên năm 2021,CTCP Nhựa An Phát Xanh,Báo cáo tài chính hợp nhất 6 tháng đầu năm 2021,28/08/2021 11:06:00,0800373586,CTCP Nhựa An Phát Xanh,Báo cáo tài chính hợp nhất bán niên năm 2021,./crawl_table/AAA/Báo cáo tài chính hợp nhất 6 tháng đầu năm 2021_28_08_2021 11_06_00
39,40,Báo cáo tài chính Mẹ - Bán niên năm 2021,CTCP Nhựa An Phát Xanh,Báo cáo tài chính 6 tháng đầu năm Công ty mẹ 2021,28/08/2021 10:48:00,0800373586,CTCP Nhựa An Phát Xanh,Báo cáo tài chính Mẹ - Bán niên năm 2021,./crawl_table/AAA/Báo cáo tài chính 6 tháng đầu năm Công ty mẹ 2021_28_08_2021 10_48_00
40,41,Báo cáo tài chính Mẹ - Quý 2/ 2021,CTCP Nhựa An Phát Xanh,Báo cáo tài chính riêng quý 2 năm 2021,30/07/2021 14:40:29,0800373586,CTCP Nhựa An Phát Xanh,Báo cáo tài chính Mẹ - Quý 2/ 2021,./crawl_table/AAA/Báo cáo tài chính riêng quý 2 năm 2021_30_07_2021 14_40_29
41,42,Báo cáo tài chính hợp nhất quý 2/ năm 2021,CTCP Nhựa An Phát Xanh,Báo cáo tài chính hợp nhất quý 2 năm 2021,30/07/2021 14:25:11,0800373586,CTCP Nhựa An Phát Xanh,Báo cáo tài chính hợp nhất quý 2/ năm 2021,./crawl_table/AAA/Báo cáo tài chính hợp nhất quý 2 năm 2021_30_07_2021 14_25_11
42,43,Báo cáo tài chính hợp nhất quý 1/ năm 2021,CTCP Nhựa An Phát Xanh,Báo cáo tài chính quý I năm 2021 hợp nhất,29/04/2021 14:59:56,0800373586,CTCP Nhựa An Phát Xanh,Báo cáo tài chính hợp nhất quý 1/ năm 2021,./crawl_table/AAA/Báo cáo tài chính quý I năm 2021 hợp nhất_29_04_2021 14_59_56
43,44,Báo cáo tài chính Mẹ - Quý 1/ 2021,CTCP Nhựa An Phát Xanh,Báo cáo tài chính quý I Công ty mẹ,29/04/2021 14:43:08,0800373586,CTCP Nhựa An Phát Xanh,Báo cáo tài chính Mẹ - Quý 1/ 2021,./crawl_table/AAA/Báo cáo tài chính quý I Công ty mẹ_29_04_2021 14_43_08
44,45,Đính chính Báo cáo tài chính Mẹ - Năm,CTCP Nhựa An Phát Xanh,Báo cáo tài chính Công ty mẹ năm 2020,31/03/2021 14:36:44,0800373586,CTCP Nhựa An Phát Xanh,Đính chính Báo cáo tài chính Mẹ - Năm,./crawl_table/AAA/Báo cáo tài chính Công ty mẹ năm 2020_31_03_2021 14_36_44
45,46,Báo cáo tài chính hợp nhất năm 2020,CTCP Nhựa An Phát Xanh,Báo cáo tài chính hợp nhất năm 2020,29/03/2021 16:47:54,0800373586,CTCP Nhựa An Phát Xanh,Báo cáo tài chính hợp nhất năm 2020,./crawl_table/AAA/Báo cáo tài chính hợp nhất năm 2020_29_03_2021 16_47_54
46,47,Báo cáo tài chính Mẹ - Năm,CTCP Nhựa An Phát Xanh,Báo cáo tài chính riêng năm 2020,29/03/2021 16:32:01,0800373586,CTCP Nhựa An Phát Xanh,Báo cáo tài chính Mẹ - Năm,./crawl_table/AAA/Báo cáo tài chính riêng năm 2020_29_03_2021 16_32_01
47,48,Báo cáo tài chính Mẹ - Quý 4/ 2020,CTCP Nhựa An Phát Xanh,Báo cáo tài chính quý IV Công ty mẹ,29/01/2021 16:59:08,0800373586,CTCP Nhựa An Phát Xanh,Báo cáo tài chính Mẹ - Quý 4/ 2020,./crawl_table/AAA/Báo cáo tài chính quý IV Công ty mẹ_29_01_2021 16_59_08
48,49,Báo cáo tài chính hợp nhất quý 4/ năm 2020,CTCP Nhựa An Phát Xanh,Báo cáo tài chính hợp nhất quý IV năm 2020,29/01/2021 16:37:13,0800373586,CTCP Nhựa An Phát Xanh,Báo cáo tài chính hợp nhất quý 4/ năm 2020,./crawl_table/AAA/Báo cáo tài chính hợp nhất quý IV năm 2020_29_01_2021 16_37_13
49,50,Báo cáo tài chính Hợp nhất quý III/ 2020,CTCP Nhựa An Phát Xanh,Báo cáo tài chính hợp nhất quý 3 năm 2020,29/10/2020 16:28:27,0800373586,CTCP Nhựa An Phát Xanh,Báo cáo tài chính Hợp nhất quý III/ 2020,./crawl_table/AAA/Báo cáo tài chính hợp nhất quý 3 năm 2020_29_10_2020 16_28_27
50,51,Báo cáo tài chính Riêng quý III/ 2020,CTCP Nhựa An Phát Xanh,Báo cáo tài chính riêng quý 3 năm 2020,29/10/2020 16:24:15,0800373586,CTCP Nhựa An Phát Xanh,Báo cáo tài chính Riêng quý III/ 2020,./crawl_table/AAA/Báo cáo tài chính riêng quý 3 năm 2020_29_10_2020 16_24_15
51,52,Báo cáo tài chính Hợp nhất bán niên 2020,CTCP Nhựa An Phát Xanh,Báo cáo tài chính hợp nhất 6 tháng đầu năm 2020,28/08/2020 14:31:55,0800373586,CTCP Nhựa An Phát Xanh,Báo cáo tài chính Hợp nhất bán niên 2020,./crawl_table/AAA/Báo cáo tài chính hợp nhất 6 tháng đầu năm 2020_28_08_2020 14_31_55
52,53,Báo cáo tài chính Riêng bán niên 2020,CTCP Nhựa An Phát Xanh,Báo cáo tài chính riêng 6 tháng đầu năm 2020,28/08/2020 14:29:43,0800373586,CTCP Nhựa An Phát Xanh,Báo cáo tài chính Riêng bán niên 2020,./crawl_table/AAA/Báo cáo tài chính riêng 6 tháng đầu năm 2020_28_08_2020 14_29_43
53,54,Báo cáo tài chính Riêng quý II/ 2020,CTCP Nhựa An Phát Xanh,Báo cáo tài chính riêng quý II năm 2020,29/07/2020 15:51:59,0800373586,CTCP Nhựa An Phát Xanh,Báo cáo tài chính Riêng quý II/ 2020,./crawl_table/AAA/Báo cáo tài chính riêng quý II năm 2020_29_07_2020 15_51_59
54,55,Báo cáo tài chính Hợp nhất quý II/ 2020,CTCP Nhựa An Phát Xanh,Báo cáo tài chính hợp nhất quý II năm 2020,29/07/2020 15:44:23,0800373586,CTCP Nhựa An Phát Xanh,Báo cáo tài chính Hợp nhất quý II/ 2020,./crawl_table/AAA/Báo cáo tài chính hợp nhất quý II năm 2020_29_07_2020 15_44_23
55,56,Báo cáo tài chính Riêng quý I/ 2020,CTCP Nhựa An Phát Xanh,AAA Báo cáo tài chính riêng quý I năm 2020,29/04/2020 14:43:53,0800373586,CTCP Nhựa An Phát Xanh,Báo cáo tài chính Riêng quý I/ 2020,./crawl_table/AAA/AAA Báo cáo tài chính riêng quý I năm 2020_29_04_2020 14_43_53
56,57,Báo cáo tài chính Hợp nhất quý I/ 2020,CTCP Nhựa An Phát Xanh,AAA Báo cáo tài chính hợp nhất quý I năm 2020,29/04/2020 14:28:15,0800373586,CTCP Nhựa An Phát Xanh,Báo cáo tài chính Hợp nhất quý I/ 2020,./crawl_table/AAA/AAA Báo cáo tài chính hợp nhất quý I năm 2020_29_04_2020 14_28_15
57,58,Báo cáo tài chính Riêng năm 2019,CTCP Nhựa An Phát Xanh,AAA.Báo cáo tài chính riêng năm 2019,23/03/2020 10:25:39,0800373586,CTCP Nhựa An Phát Xanh,Báo cáo tài chính Riêng năm 2019,./crawl_table/AAA/AAA.Báo cáo tài chính riêng năm 2019_23_03_2020 10_25_39
58,59,Báo cáo tài chính Hợp nhất năm 2019,CTCP Nhựa An Phát Xanh,AAA. Báo cáo tài chính hợp nhất năm 2019,23/03/2020 10:07:29,0800373586,CTCP Nhựa An Phát Xanh,Báo cáo tài chính Hợp nhất năm 2019,./crawl_table/AAA/AAA. Báo cáo tài chính hợp nhất năm 2019_23_03_2020 10_07_29
59,60,Báo cáo tài chính Hợp nhất quý IV/ 2019,CTCP Nhựa An Phát Xanh,Báo cáo tài chính hợp nhất quý IV năm 2019,30/01/2020 09:11:43,0800373586,CTCP Nhựa An Phát Xanh,Báo cáo tài chính Hợp nhất quý IV/ 2019,./crawl_table/AAA/Báo cáo tài chính hợp nhất quý IV năm 2019_30_01_2020 09_11_43
60,61,Báo cáo tài chính Mẹ quý IV/ 2019,CTCP Nhựa An Phát Xanh,Báo cáo tài chính riêng quý IV năm 2019,30/01/2020 09:08:37,0800373586,CTCP Nhựa An Phát Xanh,Báo cáo tài chính Mẹ quý IV/ 2019,./crawl_table/AAA/Báo cáo tài chính riêng quý IV năm 2019_30_01_2020 09_08_37
61,62,Báo cáo tài chính Riêng quý III/ 2019,CTCP Nhựa An Phát Xanh,Báo cáo tài chính riêng quý 3 năm 2019,28/10/2019 13:46:02,0800373586,CTCP Nhựa An Phát Xanh,Báo cáo tài chính Riêng quý III/ 2019,./crawl_table/AAA/Báo cáo tài chính riêng quý 3 năm 2019_28_10_2019 13_46_02
62,63,Báo cáo tài chính Hợp nhất quý III/ 2019,CTCP Nhựa An Phát Xanh,Báo cáo tài chính hợp nhất quý 3 năm 2019,28/10/2019 13:22:09,0800373586,CTCP Nhựa An Phát Xanh,Báo cáo tài chính Hợp nhất quý III/ 2019,./crawl_table/AAA/Báo cáo tài chính hợp nhất quý 3 năm 2019_28_10_2019 13_22_09
63,64,Báo cáo tài chính Riêng bán niên 2019,CTCP Nhựa An Phát Xanh,Công ty Cổ phần Nhựa An Phát Xanh (AAA) kính gửi Ủy ban Chứng khoán nhà nước báo cáo tài chính bán niên riêng năm 2019 đã được soát xét.,29/08/2019 16:41:36,0800373586,CTCP Nhựa An Phát Xanh,Báo cáo tài chính Riêng bán niên 2019,./crawl_table/AAA/Báo cáo tài chính Riêng bán niên 2019_29_08_2019 16_41_36
64,65,Báo cáo tài chính Hợp nhất bán niên 2019,CTCP Nhựa An Phát Xanh,Công ty Cổ phần Nhựa An Phát Xanh (AAA) kính gửi Ủy ban chứng khoán nhà nước báo cáo tài chính bán niên hợp nhất năm 2019 đã được soát xét.,29/08/2019 16:27:08,0800373586,CTCP Nhựa An Phát Xanh,Báo cáo tài chính Hợp nhất bán niên 2019,./crawl_table/AAA/Báo cáo tài chính Hợp nhất bán niên 2019_29_08_2019 16_27_08
65,66,Báo cáo tài chính Riêng quý II/ 2019,CTCP Nhựa An Phát Xanh,Công ty Cổ phần Nhựa An Phát Xanh (AAA) kính gửi Ủy ban chứng khoán nhà nước Báo cáo tài chính riêng quý II năm 2019.,29/07/2019 16:38:08,0800373586,CTCP Nhựa An Phát Xanh,Báo cáo tài chính Riêng quý II/ 2019,./crawl_table/AAA/Công ty Cổ phần Nhựa An Phát Xanh (AAA) kính gửi Ủy ban chứng khoán nhà nước Báo cáo tài chính riêng quý II năm 2019._29_07_2019 16_38_08
66,67,Báo cáo tài chính Hợp nhất quý II/ 2019,CTCP Nhựa An Phát Xanh,Công ty Cổ phần Nhựa An Phát Xanh (AAA) kính gửi Ủy ban chưng khoán nhà nước Báo cáo tài chính hợp nhất quý II năm 2019.,29/07/2019 16:33:50,0800373586,CTCP Nhựa An Phát Xanh,Báo cáo tài chính Hợp nhất quý II/ 2019,./crawl_table/AAA/Công ty Cổ phần Nhựa An Phát Xanh (AAA) kính gửi Ủy ban chưng khoán nhà nước Báo cáo tài chính hợp nhất quý II năm 2019._29_07_2019 16_33_50
67,68,Báo cáo tài chính Hợp nhất quý I/ 2019,CTCP Nhựa An Phát Xanh,AAA. Báo cáo tài chính hợp nhất quý 1 năm 2019,26/04/2019 13:58:06,0800373586,CTCP Nhựa An Phát Xanh,Báo cáo tài chính Hợp nhất quý I/ 2019,./crawl_table/AAA/AAA. Báo cáo tài chính hợp nhất quý 1 năm 2019_26_04_2019 13_58_06
68,69,Báo cáo tài chính Riêng quý I/ 2019,CTCP Nhựa An Phát Xanh,AAA. Báo cáo tài chính riêng quý 1 năm 2019,26/04/2019 11:39:07,0800373586,CTCP Nhựa An Phát Xanh,Báo cáo tài chính Riêng quý I/ 2019,./crawl_table/AAA/AAA. Báo cáo tài chính riêng quý 1 năm 2019_26_04_2019 11_39_07
69,70,Báo cáo tài chính Riêng năm 2018,CTCP Nhựa An Phát Xanh,Báo cáo tài chính riêng năm 2018,15/03/2019 16:59:04,0800373586,CTCP Nhựa An Phát Xanh,Báo cáo tài chính Riêng năm 2018,./crawl_table/AAA/Báo cáo tài chính riêng năm 2018_15_03_2019 16_59_04
70,71,Báo cáo tài chính Hợp nhất năm 2018,CTCP Nhựa An Phát Xanh,Báo cáo tài chính hợp nhất năm 2018,15/03/2019 16:31:05,0800373586,CTCP Nhựa An Phát Xanh,Báo cáo tài chính Hợp nhất năm 2018,./crawl_table/AAA/Báo cáo tài chính hợp nhất năm 2018_15_03_2019 16_31_05
71,72,Báo cáo tài chính Mẹ quý IV/ 2018,CTCP Nhựa An Phát Xanh,Báo cáo tài chính Công ty mẹ quý IV năm 2018,30/01/2019 15:52:14,0800373586,CTCP Nhựa An Phát Xanh,Báo cáo tài chính Mẹ quý IV/ 2018,./crawl_table/AAA/Báo cáo tài chính Công ty mẹ quý IV năm 2018_30_01_2019 15_52_14
72,73,Báo cáo tài chính Hợp nhất quý IV/ 2018,CTCP Nhựa An Phát Xanh,29.01.2019. Báo cáo tài chính hợp nhất quý IV năm 2018,30/01/2019 10:13:02,0800373586,CTCP Nhựa An Phát Xanh,Báo cáo tài chính Hợp nhất quý IV/ 2018,./crawl_table/AAA/29.01.2019. Báo cáo tài chính hợp nhất quý IV năm 2018_30_01_2019 10_13_02
73,74,Báo cáo tài chính Hợp nhất quý III/ 2018,CTCP Nhựa An Phát Xanh,Báo cáo tài chính hợp nhất quý III năm 2018,29/10/2018 12:55:09,0800373586,CTCP Nhựa An Phát Xanh,Báo cáo tài chính Hợp nhất quý III/ 2018,./crawl_table/AAA/Báo cáo tài chính hợp nhất quý III năm 2018_29_10_2018 12_55_09
74,75,Báo cáo tài chính Riêng quý III/ 2018,CTCP Nhựa An Phát Xanh,Báo cáo tài chính riêng quý III năm 2018,29/10/2018 12:45:59,0800373586,CTCP Nhựa An Phát Xanh,Báo cáo tài chính Riêng quý III/ 2018,./crawl_table/AAA/Báo cáo tài chính riêng quý III năm 2018_29_10_2018 12_45_59
75,76,Báo cáo tài chính Hợp nhất bán niên 2018,CTCP Nhựa An Phát Xanh,Báo cáo tài chính hợp nhất 6 tháng đầu năm 2018,16/08/2018 12:27:40,0800373586,CTCP Nhựa An Phát Xanh,Báo cáo tài chính Hợp nhất bán niên 2018,./crawl_table/AAA/Báo cáo tài chính hợp nhất 6 tháng đầu năm 2018_16_08_2018 12_27_40
76,77,Báo cáo tài chính Mẹ bán niên 2018,CTCP Nhựa An Phát Xanh,Báo cáo tài chính riêng 6 tháng đầu năm 2018,15/08/2018 17:16:02,0800373586,CTCP Nhựa An Phát Xanh,Báo cáo tài chính Mẹ bán niên 2018,./crawl_table/AAA/Báo cáo tài chính riêng 6 tháng đầu năm 2018_15_08_2018 17_16_02
77,78,Báo cáo tài chính Hợp nhất quý II/ 2018,CTCP Nhựa An Phát Xanh,AAA. Báo cáo tài chính hợp nhất quý 2 năm 2018,28/07/2018 11:22:47,0800373586,CTCP Nhựa An Phát Xanh,Báo cáo tài chính Hợp nhất quý II/ 2018,./crawl_table/AAA/AAA. Báo cáo tài chính hợp nhất quý 2 năm 2018_28_07_2018 11_22_47
78,79,Báo cáo tài chính Mẹ quý II/ 2018,CTCP Nhựa An Phát Xanh,AAA. Báo cáo tài chính Công ty mẹ Quý 2 năm 2018,28/07/2018 10:18:33,0800373586,CTCP Nhựa An Phát Xanh,Báo cáo tài chính Mẹ quý II/ 2018,./crawl_table/AAA/AAA. Báo cáo tài chính Công ty mẹ Quý 2 năm 2018_28_07_2018 10_18_33
79,80,Báo cáo tài chính Mẹ quý I/ 2017,CTCP Nhựa An Phát Xanh,Báo cáo tài chính quý I năm 2017,05/07/2018 15:38:03,0800373586,CTCP Nhựa An Phát Xanh,Báo cáo tài chính Mẹ quý I/ 2017,./crawl_table/AAA/Báo cáo tài chính quý I năm 2017_05_07_2018 15_38_03
80,81,Báo cáo tài chính Hợp nhất quý I/ 2017,CTCP Nhựa An Phát Xanh,Báo cáo tài chính Quý I năm 2017,05/07/2018 14:33:12,0800373586,CTCP Nhựa An Phát Xanh,Báo cáo tài chính Hợp nhất quý I/ 2017,./crawl_table/AAA/Báo cáo tài chính Quý I năm 2017_05_07_2018 14_33_12
81,82,Báo cáo tài chính Mẹ quý I/ 2018,CTCP Nhựa An Phát Xanh,BCTC quý 1.2018 cty mẹ,27/04/2018 16:36:09,0800373586,CTCP Nhựa An Phát Xanh,Báo cáo tài chính Mẹ quý I/ 2018,./crawl_table/AAA/BCTC quý 1.2018 cty mẹ_27_04_2018 16_36_09
82,83,Báo cáo tài chính Hợp nhất quý I/ 2018,CTCP Nhựa An Phát Xanh,BCTC Hợp Nhất Quý 1 AAA,27/04/2018 16:02:25,0800373586,CTCP Nhựa An Phát Xanh,Báo cáo tài chính Hợp nhất quý I/ 2018,./crawl_table/AAA/BCTC Hợp Nhất Quý 1 AAA_27_04_2018 16_02_25
